Name,Source,W,G,Skill,Ī,A,NR,Range,,,,Range 2,,,,Description,Keywords,Universal,,,Arasaka,,,Bozos,,,Danger Gals,,,Edgerunners,,,Gen Red,,,Lawmen,,,Maelstrom,,,Tyger Claws,,,Zoners,,,6th Street,,
,,,,,,,,R,Y,G,L,R,Y,G,L,,,CRED,EB,RAR,CRED,EB,RAR,CRED,EB,RAR,CRED,EB,RAR,CRED,EB,RAR,CRED,EB,RAR,CRED,EB,RAR,CRED,EB,RAR,CRED,EB,RAR,CRED,EB,RAR,CRED,EB,RAR
Ablative Loadout,Upload,,_,,,1,,,,,,,,,,"Armor When defending with this armor, add the Characters armor too (max +4).",Armor,–,4,2,,,,,,,,,,,,,,,,,,,,,,,,,,,,,,
Acid Soaker,Upload,_,,Ranged,,,,x,x,,,,,,,"The target discards one random Gear card. After the Gear is discarded, you may discard a Luck card to choose a different Gear card to be discarded instead.",,–,–,–,,,,1,5,1,,,,,,,,,,,,,,,,,,,,,,,,
Adaptive Digital Agent,Upload,,_,,,,,,,,,,,,,"Iconic: Agent in Charge This model may defend other models with Combat Netrunning as if it were a Netrunner. If this model gains a Hacked token, discard the Hacked token and Exhaust this card.",Iconic,,,,,,,,,,2,3,1,,,,,,,,,,,,,,,,,,,,,
Adrenal Pumps,Upload,,_,,,,,,x,,,,,,,"When activated, if there are no obstacles in this model's Path of Travel, this model's next Attack to at least one rival model may move YELLOW for free.",,5,5,1,,,,,,,,,,,,,,,,,,,5,5,2,,,,,,,,,
Advanced Targeting Matrix,Upload,,_,,,,,,,,,,,,,Cybergear All of this model's non-melee attacks gain Accurate.,Cybergear,,,,,,,,,,6,8,1,,,,,,,,,,,,,,,,,,,,,
Agent-Assisted Imaging,Upload,,_,,,,,,,,,,,,,"This model's attacks ignore one Obstacle between it and the target. For each Cybergear card the target has, ignore an additional Obstacle.",,4,4,2,,,,,,,,,,,,,,,,,,,,,,,,,,,,,,
Airhypo,Upload,,_,,,,,,,,,,,,,Discard when you Inspire Your Team to Heal 1 on this model.,,1,3,2,–,3,1,,,,–,3,2,–,2,2,,,,–,2,1,–,2,1,–,2,1,–,2,2,,,
Akr-20,Upload,,_,Ranged,,,,x,x,x,x,,,,,Rapid 2 against targets in YELLOW and GREEN range (but not within RED range),Rapid 2,5,11,2,,,,,,,,,,,,,,,,,,,,,,,,,,,,,,
API Rounds,Upload,,_,,,,,,,,,,,,,"This model's Ranged attacks gain Dangerous, Deadly, and Pierce 2.",Dangerous; Deadly; Pierce 2,3,4,1,,,,,,,,,,,,,,,,,,,,,,,,,,,,,,
Arasaka Nauseator,Upload,,_,Medical,,,,x,x,,,,,,,"[Stun 2, Indirect, Difficult] This model may target any model (friendly or rival) within range.",Stun 2; Indirect; Difficult,6,14,1,,,,,,,,,,,,,,,,,,,,,,,,,,,,,,
Arasaka Quickstrike Blade,Upload,_,,Melee,,,,x,,,,,,,,Deadly Crits. [RE]actions made using this attack gain Accurate.,Deadly Crits; Accurate,,,,1,3,2,,,,,,,,,,,,,,,,,,,,,,,,,,,
Arasaka Weeping Reaver Katana,Upload,_,,Melee,,,,x,,,,,,,,Choose one when declaring a target of this attack: Deadly Crits. 1. Pierce 2.,Deadly Crits; Pierce 2,5,6,1,,,,,,,,,,,,,,,,,,,,,,,,,,,,,,
Assault Carbine,Custom,_,,Ranged,,,,x,x,x,,,,,,Suppression.,,–,–,–,,,,,,,,,,,,,,,,,,,,,,,,,,,,,,
Assault Rifle,Upload,_,,Ranged,,,,,x,x,,,,,x,Rapid 2 -OR-,Rapid 2,4,10,2,–,9,2,5,10,1,2,10,1,4,10,1,5,11,1,4,10,2,4,10,1,4,10,1,4,10,1,,,
Assertive Badge,Upload,,_,,,,,,,,,,,,,Iconic: Maximum Mike. Pull Rank may target models of any faction and at Long Range.,Iconic; Maximum Mike; Pull Rank; Long Range,,,,,,,,,,,,,,,,,,,–,2,1,,,,,,,,,,,,
Authorized Drone Strike,Upload,,_,Tech,,,,,,,,,,,,Discard. Place up to two Impact tokens in base contact with up to two visible models. All models within RED of an Impact token win a Reflexes roll vs. the Obstacle die or suffer a wound. The Obstacle die gains a bonus equal to this model's Tech Skill.,Discard; Impact tokens; Reflexes roll,,,,,,,,,,,,,,,,1,2,2,,,,,,,,,,,,,,,
Auto-Injector,Upload,,_,,,,,,,,,,,,,"Cybergear. Discard when this model is taken out. It is not been Isolated? If you have an Airhypo, you may discard it instead of this card.",Cybergear,–,5,2,,,,,,,,,,,,,,,,,,,,,,,,,,,,,,
Autoblade,Upload,_,,Melee,,,,x,,,,,,,,"On a Crit, this model may attack with this weapon again for free (you may choose a different target).",Crit,1,2,2,,,,,,,,,,,,,,,,,,,,,,,,,,,,,,
Automatic Shotgun,Upload,_,,Ranged,,,,x,,,,,,,,"Rapid 2, Torrent, Deadly Crits, Difficult",Rapid 2; Torrent; Deadly Crits; Difficult,3,6,1,3,5,1,4,6,1,,,,,,,,,,,,,,,,,,,,,,,,
Axe,Custom,_,,Melee,,,,x,,,,,,,,"Deadly Crits, Dangerous.",,–,–,–,,,,,,,,,,,,,,,,,,,,,,,,,,,,,,
Basic Techtools,Upload,,_,Tech,,,,x,,,,,,,,[Repair 1],,–,3,2,,,,,,,,,,,,,,,,,,,,,,,,,,,,,,
Battering Ram,Upload,_,,Melee,,,,x,,,,,,,,"Bulky. Stun 1 Crits, Push.",Bulky; Stun 1 Crits; Push,1,2,1,,,,,,,,,,,,,,,,,,,,,,,,,,,,,,
Big Knucks,Upload,_,,Melee,,,,x,,,,,,,,Gain +2 when this attack is a [RE]action.,,1,2,1,,,,,,,,,,,,,,,,,,,,,,,,,,,,,,
Bio-Toxin,Upload,,_,,,,,,,,,,,,,Cybergear. This model's melee attack actions win ties against defenders.,Cybergear,6,5,1,,,,,,,,,,,,,,,,,,,,,,,,,,,,,,
Bio-Toxin Shiv,Upload,_,,Melee,,,,x,,,,,,,,Target must either swap 1 GREEN Action Token for YELLOW permanently or suffer Stun 2.,,,,,,,,,,,,,,,,,4,5,1,,,,,,,4,5,1,4,5,1,,,
Biomonitor,Upload,,_,Medical,1,,,,,,,,,,,Cybergear. This model's Triage actions gain Accurate.,Cybergear,1,4,2,,,,,,,,,,,,,,,,,,,,,,,,,,,,,,
Black Lace,Upload,,_,,,,,,,,,,,,,"Drug
When you Inspire Your Team, roll a RED die:
Fumble: Take 1 wound.
2+: This model Heals 1.",Drug; Inspire,6,6,1,,,,,,,,,,,,,,,,,,,,,,6,5,1,6,5,1,,,
Blackmail Files,Upload,,_,Tech,,,,,,,,,,,,Target model takes a free action of your choice. You determine the target of any effects. Can only target friendly models and it may target friendly models.,,6,10,1,,,,,,,,,,,,,,,,,,,,,,,,,,,,,,
Bludgeon,Custom,_,,Melee,,,,x,,,,,,,,Melee Weapon. Crits: Stun 1.,,–,–,–,,,,,,,,,,,,,,,,,,,,,,,,,,,,,,
Blue Glass,Upload,,_,Medical,,,,x,,,,,,,,"Drug
Stun 2. If this attack Crits, Stun 3 instead. If this attack Fumbles, the attacker suffers Stun 2.",Drug; Stun,5,10,1,,,,,,,,,,,,,,,,,,,,,,,,,,,,,,
Body Double,Upload,,_,,,,,,,,,,,,,"When this model is taken out, it does not drop Gear and Loot (and keeps all equipped Gear and Loot [end of game] as normal]. The next time you Inspire Your Team, target a model within RED of any friendly model and it suffers one wound. Then discard this card. Being taken out this way does not count for any objectives.",Inspire,,,,,,,,,,,,,6,15,1,,,,,,,,,,,,,,,,,,
Bodyweight Suit,Upload,,_,,,1,,,,,,,,,,"Armor
This model gains Netrunner. If this card is discarded, this model discards all programs.",Armor; Netrunner,,,,,,,,,,,,,,,,,,,,,,,,,4,3,1,4,8,1,,,
Boost,Upload,,_,,,,,,,,,,,,,"Drug
Discard this to roll a GREEN die on a non-attack action, instead of the action's normal color.",Drug,2,4,2,,,,,,,,,,,,,,,,,,,,,,,,,,,,,,
Box Launcher,Upload,_,,Ranged,,,,,,,x,,,,,"[Blast, Complex, Difficult] If this attack deals at least 1 wound, this model may refresh an Action token.
Bulky",Blast; Complex; Difficult; Bulky,4,10,1,,,,,,,,,,,,,,,,,,,,,,,,,,,,,,
Bozo Bombs,Upload,_,,Reflexes,,,,x,x,,,,,,,"Blast.
Before rolling, you may discard a Luck token to give this attack Deadly.",Blast; Deadly,,,,,,,–,7,1,,,,,,,,,,,,,,,,,,,,,,,,
Brain-Box,Upload,,_,Tech,2,,,,,,,,,,,Cybergear. +2EB Cost. This model gains Netrunner.,Cybergear; Netrunner,,,,,,,,,,,,,,,,,,,,,,6,10,1,,,,,,,,,
Braindance Recorder,Upload,,_,,,,,,,,,,,,,"When this model spends a Luck token to re-roll a die, and the re-roll fails, take the Luck token back.",Luck,6,10,1,,,,,,,,,,,,,,,,,,,,,,,,,,,,,,
Brass Knuckles,Upload,_,,Melee,,,,x,,,,,,,,"Deadly Crits. When this attack is used as a [RE]act, gain +2 to the roll.",Deadly Crits,,,,,,,,,,,,,–,2,2,,,,,,,,,,,,,,,,,,
Breaching Hammer,Upload,_,,Melee,,,,x,,,,,,,,"Deadly, Stun 1, Difficult",Deadly; Stun 1; Difficult,1,2,1,3,4,1,,,,,,,,,,,,,–,2,1,,,,,,,,,,,,
Bullet-Proof Shield,Upload,,_,,,1,,,,,,,,,,"Bulky, Armor",Bulky; Armor,,,,,,,,,,,,,,,,2,2,1,1,2,1,,,,,,,,,,,,
Butcher's hooks,Custom,_,,Melee,,,,x,,,,,,,,"Deadly Crits, -1 to Melee when defending.",,–,–,–,,,,,,,,,,,,,,,,,,,,,,,,,,,,,,
Butter Bars,Upload,,_,,,,,,,,,,,,,This model gains Leader.,Leader,–,1,1,,,,,,,,,,,,,,,,,,,–,1,1,,,,,,,,,
Caltrops,Upload,,_,,,,,x,,,,,,,,Discard during this model's activation to place an Impact token within RED. Rivals that end a move action within RED of that token must pass a Reflexes roll vs. the Obstacle die or suffer a wound.,Impact token; Obstacle,,,,,,,,,,4,3,1,,,,,,,,,,,,,1,3,1,,,,,,
Can O' Smash,Upload,_,,Melee,,,,x,,,,,,,,Drug. Discard during this model's activation to roll a RED die. Fumble: This model takes 1 wound. 2+: Make a free basic Melee attack.,Drug; Melee attack,–,1,2,,,,,,,,,,,,,,,,,,,,,,,,,,,,,,
Chain Reel,Upload,,_,Melee,,,,x,x,,,,,,,[Difficult] Place the target within RED of this model.,Cybergear; Difficult,6,10,1,,,,,,,,,,,,,,,,,,,,,,,,,,,,,,
Chainsaw,Upload,_,,Melee,,,,x,,,,,,,,"Bulky. Rapid 2, Deadly Crits, Unwieldy.",Bulky; Rapid 2; Deadly Crits; Unwieldy,,,,,,,3,2,2,,,,,,,4,2,1,,,,,,,,,,1,2,1,,,
Chainsaws,Custom,_,,Melee,,,,x,,,,,,,,"Rapid 2, Deadly crits, Unwieldy.",,–,–,–,,,,,,,,,,,,,,,,,,,,,,,,,,,,,,
Chem Grenade,Upload,_,,Reflexes,,,,,x,x,,,,,,"Grenade. Blast, Deadly Crits, Discard. Errata: ""Chem Grenade"" and ""Grenade: Chem"" act as the same card. All versions have Blast, Deadly Crits, Discard.",Grenade; Blast; Deadly Crits; Discard,,,,,,,,,,3,2,2,,,,,,,,,,,,,,,,,,,,,
Chipware Socket,Upload,,_,,,,,,,,,,,,,This model's minimum Skill value is 1 (instead of 0).,,5,5,1,,,,,,,,,,,,,,,,,,,,,,,,,,,,,,
Comically Oversized Scissors,Upload,_,,Melee,,,,x,,,,,,,,Bulky. Deadly. ,Bulky; Deadly,,,,,,,4,8,1,,,,,,,,,,,,,,,,,,,,,,,,
Comm Scrambler,Upload,,_,,,,,,,,,,,,,All Influence actions taken within YELLOW of this model gain Unwieldy.,Unwieldy,2,6,1,,,,,,,,,,,,,,,,,,,,,,,,,,,,,,
Concealed Automatic Pistols,Upload,_,,Ranged,,,,x,,,,,,,,Pistol. Rapid 2. ,Pistol; Rapid 2,–,–,–,,,,,,,,,,,,,1,5,2,,,,,,,,,,,,,,,
Concert T-Shirt,Upload,,_,Influence,1,,,,,,,,,,,Place two Luck tokens on this Gear when it is equipped. Only this model may use these Luck tokens.,Luck,,,,,,,,,,,,,,,,2,4,1,,,,,,,,,,–,5,1,,,
Constitution Cyclone SSG,Custom,_,,Ranged,,,,,,x,x,,,,,"Rapid 3, Difficult, Bulky.",,–,–,–,,,,,,,,,,,,,,,,,,,,,,,,,,,,,,
Constitution Cyclone SSW,Upload,_,,Ranged,,,,,,x,x,,,,,"Bulky. Rapid 3, Difficult.",Bulky; Rapid 3; Difficult,,,,6,19,1,,,,,,,,,,,,,6,20,1,,,,,,,,,,,,
Constitution Hurricane Assault,Custom,_,,Ranged,,,,x,x,x,,,,,,"Rapid 2, Torrent, Suppression, Bulky.",,–,15,–,,,,,,,,,,,,,,,,,,,,,,,,,,,,,,
Constitution Hurricane Assault Weapon,Upload,_,,Ranged,,,,x,x,,,,,,,"Bulky. Rapid 2, Torrent, Suppression.",Bulky; Rapid 2; Torrent; Suppression,,,,6,14,1,,,,6,15,1,,,,,,,4,15,1,,,,6,15,1,,,,,,
Cool Mohawk,Custom,_,,Melee,,,,x,,,,,,,,"Melee weapon, Stun 1.",,–,–,–,,,,,,,,,,,,,,,,,,,,,,,,,,,,,,
Corporate Credit Card,Upload,,_,,,,,x,,,,,,,,Draw one card from the Loot deck. You may equip it to this model or any friendly model within RED.,,,,,2,5,1,,,,,,,,,,,,,,,,,,,,,,,,,,,
Crash Hardening,Upload,,_,,,,,,,,,,,,,Cybergear. This model is immune to Ram and Falling damage.,Cybergear,3,4,2,,,,,,,,,,,,,,,,,,,,,,,,,,,,,,
Credentials (Real Enough),Upload,,_,,,,,,,,,,,,,"Influence actions against rivals roll an additional PURPLE die. If it Crits, the action Crits. If it fumbles, exhaust this.",,5,1,1,,,,,,,,,,,,,,,,,,,,,,,,,,,,,,
Crowbar,Custom,_,,Melee,,,,x,,,,,,,,Stunning Crits.,,–,–,–,,,,,,,,,,,,,,,,,,,,,,,,,,,,,,
Cryopump Bags,Upload,,_,,,,,,,,,,,,,"When this model takes the Loot Goods or Loot Gear action, the action gains Rapid 2 and may target the same Body token twice (then remove the Body token as normal).",Rapid 2,–,1,2,,,,,,,,,,,,,,,,,,,,,,,,,,,,,,
Custom Piloting HUD,Upload,,_,,,,,,,,,,,,,This model gains Wheelman.,Wheelman,3,4,2,,,,,,,,,,,,,,,,,,,,,,,,,,,,,,
Cutting Torch,Upload,_,,Tech,,,,x,,,,,,,,"(Deadly Crits, Pierce 3) This attack may only be taken against Drone, Robot, or Vehicle targets.",Deadly Crits; Pierce 3,1,3,2,,,,,,,,,,,,,,,,,,,,,,,,,,,,,,
Cyber-Jaws,Upload,,_,Melee,,,,x,,,,,,,,"Cybergear. Deadly Crits. This model gains +2 to Reflexes checks against being moved, or attempting to escape a Brawl.",Cybergear; Deadly Crits,1,6,1,,,,,,,,,,,,,,,,,,,,,,,,,,,,,,
Cyber-Legs,Upload,,_,,,,,,,,,,,,,Cybergear. This model's basic move actions gain Accurate.,Cybergear; Accurate,1,6,1,,,,,,,,,,,,,,,,,,,5,5,1,,,,,,,,,
Cyber-Repair Systems,Upload,,_,,,,,,,,,,,,,"Cybergear. When this model would discard a Cybergear card (Gear or Objective), you may roll a GREEN die and add this model's TECH Skill Vs. the Obstacle die; if this model wins the roll, it may keep the item.",Cybergear,,,,,,,,,,,,,,,,,,,,,,3,5,1,,,,,,,,,
Cyberarm Cyberdeck,Upload,,_,Tech,1,,,,,,,,,,,Cybergear. This model gains Netrunner.,Cybergear; Netrunner,1,4,2,,,,,,,,,,,,,,,,,,,,,,,,,,,,,,
Cyberarm Surgical Saw,Upload,_,,Melee,,,,x,,,,,,,,"Cybergear. [Deadly Crits] If this action is GREEN and the model has Medical +2 or more, this action is Deadly.",Cybergear; Deadly Crits,1,4,4,,,,,,,,,,,,,,,,,,,,,,,,,,,,,,
Cyberarm Techtools,Upload,,_,Tech,,,,x,,,,,,,,"Cybergear. [Repair 1] If this Crits, Repair 2 instead.",Cybergear; Repair,3,4,1,,,,,,,,,,,,,,,,,,,,,,,,,,,,,,
Cyberaudio Suite,Upload,,_,,,,,,,,,,,,,Cybergear. Exhaust this card during any model's activation. The acting model's actions are silent until the end of the activation. Refresh this card when you Inspire Your Team.,Cybergear; Silent,5,5,1,,,,,,,,,,,,,,,,,,,,,,,,,,,,,,
Cyberdeck,Upload,,_,,,,,,,,,,,,,Cybergear. This model gains Netrunner.,Cybergear; Netrunner,,,,–,3,1,–,2,1,2,2,1,–,1,2,2,2,1,–,2,1,–,2,1,–,2,1,–,2,1,,,
Cybereye Targeting Scope,Upload,,_,,,,,,,,,,,,,"Cybereye. If this model's Attack against a target at Long range fumbles, exhaust this to reroll the attack.",Cybereye,6,6,1,,,,,,,,,,,,,,,,,,,,,,,,,,,,,,
Cyberleg Shocks,Upload,,_,,,,,,,,,,,,,Cybergear. This model does not suffer falling damage from GREEN or lower heights. Character falls onto suffer damage normally.,Cybergear,5,6,1,,,,,,,,,,,,,,,,,,,,,,,,,,,,,,
Cybernetic Arms and Net Deck,Custom,_,,Melee,,,_,x,,,,,,,,All of this model's Melee attack gain Deadly Crits. Can equip programs.,,–,–,–,,,,,,,,,,,,,,,,,,,,,,,,,,,,,,
Cybernetic Claws,Custom,_,,Melee,,,,x,,,,,,,,"+1 to Melee when attacking, -1 to Melee when defending.",,–,–,–,,,,,,,,,,,,,,,,,,,,,,,,,,,,,,
Cybernetic Weapons,Custom,_,,Melee,,,,x,,,,,,,,All of this model's attack gain Deadly Crits.,,–,–,–,,,,,,,,,,,,,,,,,,,,,,,,,,,,,,
Cybersnake,Upload,,_,Melee,,,,x,,,,,,,,Cyberware. Deadly. This attack may only be taken as a [RE]action.,Cyberware; Deadly,4,4,1,,,,,,,,,,,,,,,,,,,,,,,,,,,,,,
Cycle Helmet,Upload,,_,,,,,,,,,,,,,Armor. This model gains +1 to oppose Attacks while driving a Cycle.,Armor,1,4,2,,,,,,,,,,,,,,,,,,,,,,,,,,,,,,
Demon Mask,Upload,,_,,,,,,,,,,,,,Melee attacks targeting this model suffer a -1 penalty to the roll.,,,,,,,,,,,,,,,,,,,,,,,,,,–,3,2,,,,,,
Designed-To-Intimidate Handcannon,Upload,_,,Ranged,,,,x,x,,,,,,,"Iconic: Hard-Boiled Detective, Pistol. Deadly, Difficult.",Iconic; Hard-Boiled Detective; Pistol; Deadly; Difficult,,,,,,,,,,,,,,,,,,,2,4,1,,,,,,,,,,,,
Drug-A-Thug,Upload,,_,Reflexes,,,,x,,,,,,,,"(Stun 1, Torrent) If this Crits, Stun 2 instead. If this Fumbles, discard this gear.",Stun; Torrent; Crits; Fumbles,3,5,2,,,,,,,,,,,,,,,,,,,,,,,,,,,,,,
Dual Machine Guns,Custom,_,,Ranged,,,,x,x,x,,,,,,"Rapid 4, Unwieldy or Deadly Crits.",,–,–,–,,,,,,,,,,,,,,,,,,,,,,,,,,,,,,
Dual Pistols,Custom,_,,Ranged,,,,x,x,x,,,,,,Accurate.,,–,–,–,,,,,,,,,,,,,,,,,,,,,,,,,,,,,,
Emergency Trauma Pack,Upload,,_,Medical,1,,,,,,,,,,,+1 Heal,Heal,,,,,,,,,,,,,,,,,,,2,2,1,,,,,,,,,,,,
Emp Threading,Upload,,_,,,,,,,,,,,,,"Cybergear. When this model removes one or more Hacked tokens, remove an additional Hacked token.",Cybergear; Hacked,4,3,1,,,,,,,,,,,,,,,,,,,,,,,,,,,,,,
Enviroscanner,Upload,,_,,,,,,x,,,,,,,"While this model has one or more Hacked Action tokens, friendly models within YELLOW gain Defense: Medical +2.",Hacked; Defense: Medical,1,6,1,,,,,,,,,,,,,,,,,,,,,,,,,,,,,,
Faisal's Magna Knuckles,Upload,_,,Melee,,,,x,,,,,,,,Exhaust one of the target's Cybergear.,Exhaust; Cybergear,4,4,1,,,,,,,,,,,,,,,,,,,,,,,,,,,,,,
Finger Microphone,Upload,,_,Reflexes,1,,,,x,,,,,,,Cybergear. This model's basic Influence attack may target friendly models at YELLOW range.,Cybergear; Influence,1,4,2,,,,,,,,,,,,,,,,,,,,,,,,,,,,,,
Fire Brand Bunker Gear,Upload,,_,,,2,,,,,,,,,,Armor. This armor may be used to oppose Reflexes attacks.,Armor; Reflexes,3,7,1,,,,,,,,,,,,,,,,,,,,,,,,,,,,,,
Fixer Hookups,Upload,,_,,,,,,,,,,,,,This Character may equip one Gear from any Faction of 10 EB or less (at no additional cost). The Gear must be of your Street Cred or lower.,Gear,2,10,1,,,,,,,,,,,,,,,,,,,,,,,,,,,,,,
Flame-Thrower,Upload,_,,Reflexes,,,,x,x,,,,,,,"Bulky. Torrent, Push.",Bulky; Torrent; Push,,,,1,8,1,,,,4,9,1,2,10,1,,,,,,,,,,,,,,,,,,
Flamethrower,Custom,_,,Reflexes,,,,x,x,,,,,,,"Torrent, Push, Bulky.",,–,–,–,,,,,,,,,,,,,,,,,,,,,,,,,,,,,,
Flashbang Grenade,Upload,_,,Reflexes,,,,x,x,x,,,,,,"Grenade. Blast, Stun 2, Discard.",Grenade; Blast; Stun 2; Discard,2,2,2,,,,,,,–,1,2,1,2,1,2,2,1,2,2,2,,,,2,2,1,,,,,,
Flashbulb Cyberhand,Upload,_,,Medical,,,,x,,,,,,,,Cybergear. [Stun 2] Targets may defend against this action with Reflexes.,Cybergear; Stun 2,4,4,2,,,,,,,,,,,,,,,,,,,,,,,,,,,,,,
Flower Gag,Upload,,_,,,,,,,,,,,,,This model gains +2 to Melee while an opposing model attacks which target it.,,–,–,–,,,,–,5,2,,,,,,,,,,,,,,,,,,,,,,,,
Frag Grenade,Upload,_,,Reflexes,,,,,x,x,,,,,,"Grenade. Blast, Discard.",Grenade; Blast; Discard,1,2,2,–,2,1,,,,–,1,2,2,2,1,,,,,,,2,2,1,,,,2,2,1,,,
Gauntlet Stunner,Upload,,_,Melee,,,,x,,,,,,,,"[Difficult, Deadly Crits, Stun 2]",Difficult; Deadly Crits; Stun 2,–,4,2,,,,,,,,,,,,,,,,,,,,,,,,,,,,,,
Giggle Juicer,Upload,,_,Medical,,,,x,,,,,,,,Replace target Gonk with a Fool under your control.,,–,–,–,,,,6,10,1,,,,,,,,,,,,,,,,,,,,,,,,
Glove Overcharger,Upload,_,,Melee,,,,x,,,,,,,,"Iconic: Apex, Cybergear. [Deadly Crits] If this Crits, place a Vulnerable token on the target. Remove it when you Inspire Your Team.",Iconic; Apex; Cybergear; Deadly Crits,,,,,,,,,,,,,,,,2,5,1,,,,,,,,,,,,,,,
Go Bag,Upload,,_,,,,,,,,,,,,,"After an attack targeting this model resolves, if this model did not [RE]act, it may discard this card to move GREEN.",,,,,,,,,,,,,,–,1,1,,,,,,,,,,,,,,,,,,
Gorilla Arms,Upload,_,,Melee,,,,x,,,,,,,,"Deadly Crits, Push Crits",Deadly Crits; Push Crits,5,4,1,,,,,,,,,,,,,,,,,,,,,,,,,,,,,,
Grapple Gun,Upload,,_,,,,,,,,,,,,,Discard during this model's activation to climb GREEN without using an Action Token or rolling.,,3,2,1,2,3,1,3,3,1,,,,1,2,1,3,2,1,3,2,1,–,1,2,–,1,2,3,2,1,,,
Grenade Launcher,Upload,_,,Ranged,,,,,,x,x,,,,,"Bulky. Blast, Difficult, Indirect, Unwieldy",Bulky; Blast; Difficult; Indirect; Unwieldy,–,15,–,1,9,1,2,10,1,3,10,1,6,10,1,,,,,,,6,10,1,,,,5,15,1,,,
Grim Grin Grin,Upload,,_,,,,,,,,,,,,,"Drug. When you Inspire Your Team, roll a RED die: Fumble: This model performs a full activation, controlled by your opponent. Refresh all of its action tokens afterwards. 2: This model suffers a wound. 3-4: This model moves RED for free. 5+: This model permanently gains a YELLOW Action Token.",Drug,,,,,,,4,2,1,,,,,,,,,,,,,,,,,,,,,,,,
Grip-Feet,Upload,,_,Reflexes,1,,,,,,,,,,,Cybergear. This model's Move actions gain Accurate.,Cybergear; Accurate,1,4,2,,,,,,,,,,,,,,,,,,,,,,,,,,,,,,
Hades Assault Shotgun,Upload,_,,Ranged,,,,x,x,,,,,,,Rapid 2 or Torrent (chosen each action).,Rapid 2; Torrent,3,6,1,,,,,,,,,,,,,,,,,,,,,,,,,,,,,,
Hardened Shielding,Upload,,_,,,,,,,,,,,,,This model's Tech rolls that oppose a program gain Accurate.,Accurate,5,5,1,,,,,,,,,,,,,,,,,,,,,,,,,,,,,,
Heavy Arasaka Rotating Canon,Upload,_,,Ranged,,,,,x,x,,,,,,"Bulky. Rapid 3, Deadly Crits, Complex, Unwieldy.",Bulky; Rapid 3; Deadly Crits; Complex; Unwieldy,,,,,,,,,,,,,6,15,1,,,,,,,,,,,,,,,,,,
Heavy Armorjack,Upload,,_,,3,,,,,,,,,,,Armor.,Armor,4,10,1,4,10,1,,,,5,10,1,4,10,1,,,,4,12,1,4,10,1,,,,,,,,,
Heavy Knife,Custom,_,,Melee,,,,x,,,,,,,,Pierce 2.,,–,–,–,,,,,,,,,,,,,,,,,,,,,,,,,,,,,,
Heavy MG,Custom,_,,Ranged,,,,x,x,x,x,,,,,"Rapid 2, Deadly Crits.",,–,10,–,,,,,,,,,,,,,,,,,,,,,,,,,,,,,,
Heavy Pistol,Upload,_,,Ranged,,,,x,x,x,,,,,,Pistol. Deadly Crits.,Pistol; Deadly Crits,–,2,2,–,1,2,–,2,1,1,2,1,–,2,1,–,2,1,–,2,2,–,2,1,–,2,1,–,2,2,,,
Heavy Pistols,Custom,_,,Ranged,,,,x,x,x,,,,,,Deadly Crits. [RE]actions made using this attack gain Accurate.,,–,–,–,,,,,,,,,,,,,,,,,,,,,,,,,,,,,,
Heavy SMG,Upload,_,,Ranged,,,,x,x,x,,,,,,"Rapid 2, Suppression.",Rapid 2; Suppression,4,10,1,3,9,1,4,10,1,,,,,,,,,,3,10,1,2,10,1,3,10,1,,,,,,
Heavy Weapon Harness,Upload,,_,,,,,,,,,,,,,"Cybergear. This character may equip a Pintle Vehicle Mod as if it were Gear. As an Easy Action, this character can remove a Pintle weapon from a friendly vehicle within reach and equip it.",Cybergear; Pintle Vehicle Mod; Gear; Easy Action; Pintle weapon,2,2,2,,,,,,,,,,,,,,,,,,,,,,,,,,,,,,
Heuristic Health Monitor,Upload,,_,,,,,,,,,,,,,"Cybergear. When this model is the target of a Medical Action by a friendly model, roll a PURPLE die. If it Crits, the Action roll is an automatic Crit. If it fumbles, exhaust this.",Cybergear; Medical Action; PURPLE die; Crits; Action roll; Crit; fumbles; exhaust,3,1,1,,,,,,,,,,,,,,,,,,,,,,,,,,,,,,
Hydraulic Cyberarms,Upload,,_,,,,,,,,,,,,,Cybergear. This model's Basic Melee Attack gains Push.,Cybergear; Basic Melee Attack; Push,4,5,1,3,5,1,,,,,,,,,,,,,,,,3,5,1,,,,,,,,,
Hydraulic Limbs,Upload,,_,,,,,,,,,,,,,Cybergear. This model may move up to YELLOW when dragging models or heavy objects. This model gains +2 to the Reflexes roll when attempting to initiate a drag action.,Cybergear; YELLOW; dragging models; heavy objects; Reflexes roll; drag action,,,,,,,,,,,,,,,,4,2,1,,,,,,,–,2,1,,,,,,
ID Scanner,Upload,,_,,,,,,,,,,,,,This model's attacks that target Veteran characters gain Accurate.,,,,,,,,,,,,,,,,,,,,5,5,1,,,,,,,,,,,,
Illicit Substances,Upload,,_,Medical,,,,x,,,,,,,,Drug. Dangerous.,Drug; Dangerous,1,6,2,,,,,,,,,,,,,,,,,,,,,,,,,,,,,,
Improvised Armor Plating,Upload,,_,,,2,,,,,,,,,,"Bulky, Armor.",Bulky; Armor,,,,,,,,,,,,,–,5,1,1,5,1,,,,–,5,1,,,,,,,,,
Incendiary Rounds,Upload,,_,,,,,,,,,,,,,This model's ranged attacks gain Dangerous and Deadly Crits.,,,,,5,2,1,,,,5,2,1,,,,,,,,,,,,,,,,1,2,1,,,
Inconspicuous Hoody,Upload,,_,,,,,,,,,,,,,"When this model is targeted by an attack at long range, it may discard this card to make the attack fail before dice are rolled (an Action Token is still used). When this model is moving out of a Brawl, it may discard this card to do so without making a Reflexes roll.",,,,,,,,,,,,,,1,1,1,–,1,3,,,,,,,,,,,,,,,
Inflatable Mallet,Upload,,_,Melee,,,,x,,,,,,,,"Stun 3. This attack only deals a wound if it is critical is rolled. If this attack rolls a fumble, gain a Luck token.",,,,,,,,–,5,1,,,,,,,,,,,,,,,,,,,,,,,,
Internal Agent,Upload,,_,,,,,,,,,,,,,"When rolling a RED die, this model may spend a Luck token to roll a GREEN die instead.",,6,5,1,,,,,,,,,,,,,,,,,,,,,,,,,,,,,,
Intimidating Helmet,Upload,,_,Influence,1,1,,,,,,,,,,Armor. Rival Influence actions against this model are Unwieldy.,Armor,6,4,1,,,,,,,,,,,,,,,,,,,,,,,,,,,,,,
Intimidating Sunglasses,Upload,,_,Influence,1,,,,,,,,,,,This model swaps 1 YELLOW Action token for GREEN and makes two basic melee attacks for free.,,1,2,1,,,,,,,,,,,,,,,,1,2,1,,,,1,2,1,,,,,,
IR Goggles,Upload,,_,,,,,,,,,,,,,This model may ignore 1 obstacle when targeting models within GREEN.,,,,,1,2,1,,,,,,,,,,,,,1,2,1,,,,,,,,,,,,
Juice Injector,Upload,,_,Medical,,,,,x,,,,,,,Dangerous. Discard 1 YELLOW Action Token to gain +1 to all melee or ranged attacks for free.,,4,3,1,,,,,,,,,,5,3,1,,,,,,,5,3,1,,,,,,,,,
Jump Booster,Upload,,_,,,,,,x,,,,,,,Place two YELLOW Action tokens on this gear. These tokens may only be used to make Move actions. These tokens do not refresh when you Inspire Your Team.,Cybergear,2,6,1,,,,,,,,,,,,,,,,,,,,,,,,,,,,,,
Kabuto,Upload,,_,Medical,1,1,,,,,,,,,,+1 ARMOR.,Armor,,,,,,,,,,,,,,,,,,,,,,,,,2,5,1,,,,,,
Katana,Upload,_,_,Melee,,,,x,,,,,,,,,Deadly Crits,–,1,2,,,,,,,,,,,,,,,,,,,,,,–,1,1,,,,,,
Katana and Net Deck,Custom,_,,Melee,,,_,x,,,,,,,,All of this model's Melee attack gain Deadly Crits. Can equip programs.,,–,–,–,,,,,,,,,,,,,,,,,,,,,,,,,,,,,,
Kevlar Armor,Upload,,_,,,1,,,,,,,,,,+1 ARMOR.,Armor,,,,4,2,1,,,,–,2,2,,,,,,,–,2,2,,,,–,2,1,–,2,1,,,
Kevlar Vest,Upload,,_,,,1,,,,,,,,,,Armor,Armor,1,2,2,,,,,,,,,,,,,,,,,,,,,,,,,,,,,,
Killstorm Sonic Boom Amp,Upload,_,,Influence,,,,x,x,,,,,,,"[Torrent, Difficult] Models may Oppose this attack with Reflexes.",Torrent; Difficult,2,7,1,,,,,,,,,,,,,,,,,,,,,,,,,,,,,,
Laser Designator,Upload,,_,Tech,,,,,,x,,,,,,"Blast, Deadly, Indirect. Exhaust this card after the attack is resolved. Refresh when you Inspire Your Team.",Cyberware; Blast; Deadly; Indirect,,,,,,,,,,,,,,,,,,,,,,,,,,,,,,,6,15,1
Laser Light Street Jacket,Upload,,_,,,2,,,,,,,,,,Armor. Defense [Influence +1],Armor,4,7,1,,,,,,,,,,,,,,,,,,,,,,,,,,,,,,
Level Damper,Upload,,_,,,,,,,,,,,,,"When this model suffers Stun, reduce the Stun value by 1, to a minimum of 0.",Cybergear,5,6,1,,,,,,,,,,,,,,,,,,,,,,,,,,,,,,
Light Armorjack,Upload,,_,,,2,,,,,,,,,,Armor,Armor,2,6,2,4,6,1,,,,2,6,1,1,6,1,,,,,,,1,6,1,2,6,1,,,,,,
Light Tattoo,Upload,,_,,,,,,,,,,,,,"If you have no luck tokens, you may discard this card when you Inspire Your Team to gain 2 Luck tokens.",Cybergear,1,4,1,,,,,,,,,,,,,,,,,,,,,,,,,,,,,,
Lucky Charm,Upload,,_,,,,,,,,,,,,,Place two Luck tokens on this Gear when it is equipped. Only this model may use these Luck tokens.,Luck tokens,,,,,,,1,3,1,,,,,,,,,,,,,,,,,,,,,,,,
Lucky Skidrow Trench,Upload,,_,,,,,,,,,,,,,Iconic: Psycho Hunter. This model may spend Hardboiled Luck tokens to reroll its own rolls.,Iconic: Psycho Hunter; Hardboiled Luck,,,,,,,,,,,,,,,,,,,2,3,1,,,,,,,,,,,,
Machine Gun,Custom,_,,Ranged,,,,,x,x,x,,,,,"Accurate, Suppression.",,–,–,–,,,,,,,,,,,,,,,,,,,,,,,,,,,,,,
Mad Hat,Upload,,_,,,2,,,,,,,,,,"Iconic: Big Top. Rival Red-lined models may be targeted by Giggle Juicer as if they were Gonks. When this armor would be removed, this model may suffer a wound instead.",Iconic: Big Top; Armor; Giggle Juicer; Gonks; Red-lined,,,,,,,–,3,1,,,,,,,,,,,,,,,,,,,,,,,,
Malorian Arms 3516,Custom,_,,Ranged,,,,x,x,,,,,,,Deadly.,,–,–,–,,,,,,,,,,,,,,,,,,,,,,,,,,,,,,
Med-Scanner,Upload,,_,Medical,1,,,,,,,,,,,Increases Medical Defense by 1.,Medical Defense; Healing,,,,2,4,1,,,,4,4,1,,,,,,,5,5,1,,,,2,4,1,1,5,1,,,
Medicgear Combat Medical Armor,Upload,,_,,,2,,,,,,,,,,Armor. [Defense: Medical +3],Armor; Defense: Medical +3,6,7,2,,,,,,,,,,,,,,,,,,,,,,,,,,,,,,
Megaphone,Upload,,_,Influence,,,,x,x,x,,,,,,Difficult. Move target friendly model GREEN.,Difficult; Movement; Green Range,,,,,,,,,,,,,3,2,1,2,2,1,,,,,,,,,,,,,,,
Metal Detector,Upload,,_,,,,,,,,,,,,,"Whenever this model draws a card from the Loot deck, it draws 3 cards, picks one to keep, and places the other two at the bottom of the deck.",Loot; Draw,,,,,,,,,,,,,,,,3,2,1,,,,,,,,,,,,,,,
Metalgear,Upload,,_,,,4,,,,,,,,,,Armor. This model's melee attacks gain Deadly Crits.,Armor; Melee; Deadly Crits,,,,4,15,1,,,,,,,,,,,,,6,15,1,6,15,1,,,,,,,,,
Micro Rotors,Upload,,_,Melee,1,,,,,,,,,,,This model's Basic Melee Attack gains Pierce 1.,,1,4,2,,,,,,,,,,,,,,,,,,,,,,,,,,,,,,
"Midnight Arms ""Beast""",Upload,_,,Ranged,,,,x,x,,,,,,,"When this model declares a Ranged Attack, choose to gain RUSH.",Dangerous; Deadly; Critical; Torment,3,7,2,,,,,,,,,,,,,,,,,,,,,,,,,,,,,,
Militech Boomer Buster,Upload,,_,Ranged,,,,,x,x,,,,,,,Deadly; Diffusing,4,6,1,,,,,,,,,,,,,,,,,,,,,,,,,,,,,,
Militech Crusher SSG,Upload,,_,Ranged,,,,x,,,,,,,,,Torrent; Suppression,–,–,–,,,,,,,1,5,1,3,5,1,,,,3,5,1,,,,,,,,,,,,
Militech Enforcer Full-Body Conversion,Upload,,_,Reflexes,,2,,,,,,,,,,This model's basic melee attack gains Run 2.,,,,,,,,,,,,,,5,10,1,,,,6,10,1,,,,,,,,,,,,
Militech Fox Dual Ammo,Upload,_,,Ranged,,,,x,x,x,,,,,,"When this attack is declared, choose to gain Fierce 2 or Push.",,2,3,1,,,,,,,,,,,,,,,,,,,,,,,,,,,,,,
Militech Perseus,Upload,_,,Ranged,,,,x,x,,,,,,,"If the target has one or more spent Action tokens, Fierce 4 instead.",Fierce 2,5,5,1,,,,,,,,,,,,,,,,,,,,,,,,,,,,,,
Militech Upgraded Cyberdeck,Upload,,_,Tech,1,,_,,,,,,,,,"This model gains Netrunner. When this model chooses a program to install, it doesn't count against its Team has +1 Street Cred.",,,,,,,,,,,,,,4,5,1,,,,,,,,,,,,,,,,,,
Mimic Kimono,Upload,,_,,,2,,,,,,,,,,Iconic: Oyabun. Exhaust this before rolling against the Obstacle die to treat your Fumbles as Crits.,Iconic: Oyabun,,,,,,,,,,,,,,,,,,,,,,,,,2,4,1,,,,,,
Modular Cyberhand,Upload,,_,Melee,1,,,,,,,,,,,Cybergear. Exhaust this to reroll a non-Attack action (once per activation).,Cybergear,,,,,,,,,,,,,2,3,1,,,,,,,,,,,,,,,,,,
Molotov Cocktail,Upload,_,_,Reflexes,,,,,x,x,,,,,,"Grenade. Deadly Crits, Push, Dangerous, Discard.",Grenade; Deadly Crits; Push; Dangerous; Discard,–,–,–,,,,,,,,,,,,,–,2,2,,,,,,,,,,,,,,,
Mono Katana,Upload,_,_,Melee,,,,x,,,,,,,,"Melee Weapon. Deadly Crits, Pierce 2, Dangerous.",Melee Weapon; Deadly Crits; Pierce 2; Dangerous,–,2,–,,,,,,,,,,,,,,,,,,,,,,5,2,1,,,,,,
Motorcycle,Custom,,_,,,,,,,,,,,,,Equipable and unequipable for free. Double the movement range on flat surface.,,–,–,–,,,,,,,,,,,,,,,,,,,,,,,,,,,,,,
Nav Console Interface Plugs,Upload,,_,,,,,,,,,,,,,Cybergear. This model gains Wheelman.,Cybergear; Wheelman,5,3,1,,,,,,,,,,,,,,,,,,,,,,,,,,,,,,
Net Deck,Custom,,_,,,,_,,,,,,,,,May equip programs.,,–,2,–,,,,,,,,,,,,,,,,,,,,,,,,,,,,,,
Net Suit,Upload,,_,,,,,,,,,,,,,"When this model ends a move, another visible friendly model may move the same distance.",,–,–,–,6,10,1,,,,,,,,,,,,,,,,,,,,,,,,,,,
Netlinked Targeting,Upload,,_,,,,,,,,,,,,,"Cybergear. When targeting a Rival with an attack, this model gains +1 to the roll for each Hacked token on the target.",Cybergear,,,,,,,,,,,,,2,1,1,,,,,,,,,,,,,,,,,,
Neural Enhancers,Upload,,_,Reflexes,2,,,,,,,,,,,Cybergear. +2 Movement.,Cybergear,,,,,,,,,,6,10,1,,,,,,,,,,,,,,,,,,,,,
Neural Override,Upload,,_,Tech,,,,x,x,x,,,,,,"Difficult
Move target model
GREEN.",,,,,5,4,1,,,,,,,,,,,,,,,,,,,5,4,1,,,,,,
Neural Reprogrammer,Upload,,_,,,,,,,,,,,,,"Cybergear
This model may use its Tech Skill for any action it takes. Doing so makes that action Dangerous.",Cybergear,,,,,,,,,,,,,,,,,,,,,,3,5,1,,,,,,,,,
Neural Uplink,Upload,,_,Tech,,,,,,,,,,,,"Cybergear
All visible friendly Gonks may move YELLOW.",Cybergear,,,,,,,,,,,,,,,,6,5,1,,,,,,,,,,,,,,,
Neuroactive Grenade,Upload,_,,Reflexes,,,,,x,x,,,,,,"Grenade
[Blast, Discard] Each model wounded by this attack that is not taken out must take an action, for free, controlling this model's controller.",Grenade; Blast; Discard,,,,,,,,,,3,3,1,,,,,,,,,,,,,,,,,,,,,
Night Market Surplus,Upload,,_,,,,,,,,,,,,,"Iconic: Fixer Arms Dealer
When a friendly model within RED makes a Ranged attack, this model may discard one or more Loot cards to give the attack a +1 for each Loot discarded.",Iconic,,,,,,,,,,,,,3,4,1,,,,,,,,,,,,,,,,,,
Old Machine Gun,Custom,_,,Ranged,,,,x,x,,,,,,,"Deadly, Unwieldy, Bulky.",,–,–,–,,,,,,,,,,,,,,,,,,,,,,,,,,,,,,
Optical Camo,Upload,,_,,,,,,,,,,,,,"Cybergear
While this model has no used Action tokens, it gains +2 when opposing attacks.",Cybergear,2,7,1,,,,,,,,,,,,,,,,,,,,,,,,,,,,,,
Pain Editor,Upload,,_,,,,,,,,,,,,,"Cybergear
When this model is wounded, roll a RED die: If it is a Crit, ignore the wound.",Cybergear,2,5,1,,,,,,,,,,,,,5,5,1,,,,,,,4,5,1,,,,,,
Pie Grenade,Upload,_,,Reflexes,,,,,x,x,,,,,,"Grenade
[Blast, Discard] This attack gains Deadly if target's Action Tokens are Used.",Grenade; Blast; Discard,,,,,,,1,2,2,,,,,,,,,,,,,,,,,,,,,,,,
Pneumatic Cyber Fist,Custom,_,,Melee,,,,x,,,,,,,,"Dangerous, Deadly.",,–,5,–,,,,,,,,,,,,,,,,,,,,,,,,,,,,,,
Pneumatic Cyber-Fist,Upload,_,,Melee,,,,x,,,,,,,,,Cybergear; Dangerous; Deadly,,,,2,6,1,,,,,,,,,,,,,,,,1,6,2,,,,,,,,,
Popup Katana,Upload,_,,,,,,x,,,,,,,,"Cyberware. Deadly Crits. When this attack is made as a [RE]action, it gains Accurate.",Cyberware; Deadly Crits; REaction; Accurate,5,5,1,,,,,,,,,,,,,,,,,,,,,,,,,,,,,,
Power Glove,Custom,_,,Melee,,,,x,,,,,,,,"If target is wounded, not killed, takes 1 free action controlled by the model's controller.",,–,–,–,,,,,,,,,,,,,,,,,,,,,,,,,,,,,,
Power-Glove,Upload,_,,Melee,,,,x,,,,,,,,"If a model is wounded by this attack and is not taken out, it must take one action, for free, controlled by this model's controller (it may attack friendly targets).",,,,,,,,,,,,,,,,,6,8,1,,,,,,,,,,,,,,,
Ranger Combat Boomerang,Upload,_,,Ranged,,,,,x,x,,,,,,[Accurate] Targets may oppose this attack with Armor or Reflexes.,Accurate,5,5,1,,,,,,,,,,,,,,,,,,,,,,,,,,,,,,
Rapideploy Sheath,Upload,,_,Melee,,,,x,,,,,,,,Iconic: Team Lead. Exhaust this Gear when taking this Attack as a [RE]action to refresh the spent Action token.,Iconic; Team Lead; REaction,,,,2,5,1,,,,,,,,,,,,,,,,,,,,,,,,,,,
Rattle Cans,Upload,_,,Melee,,,,x,,,,,,,,"Rapid 2, Stun 2",Rapid 2; Stun 2,–,–,–,,,,,,,,,,,,,–,2,1,,,,,,,,,,,,,,,
Raw Juice,Upload,,_,,,,,,,,,,,,,Drug. This model gains a RED action token.,Drug; RED action token,–,3,2,,,,,,,,,,,,,,,,,,,,,,,,,,,,,,
Reflex Boosters,Upload,,_,,,,,,,,,,,,,"Cybergear. This model gains +1 to Opposed Rolls against attacks targeting it. If this model Fumbles a roll opposing an attack, it takes a wound.",Cybergear,,,,,,,,,,,,,,,,,,,,,,,,,3,5,1,,,,,,
Remington Gyro Sniper Rifle,Custom,_,,Ranged,,,,,,,x,,,,,"Deadly Crits, Accurate, Bulky.",,–,–,–,,,,,,,,,,,,,,,,,,,,,,,,,,,,,,
Remington Gyro-Sniper Rifle,Upload,_,,Ranged,,,,,,,x,,,,,"Bulky. Deadly Crits, Accurate",Bulky; Deadly Crits; Accurate,,,,3,14,1,,,,,,,,,,,,,5,15,1,,,,,,,,,,,,
Restovic Wrist Racate,Upload,_,,Ranged,,,,x,x,,,,,,,Bulky. Blast,Bulky; Blast,,,,,,,,,,,,,,,,,,,5,10,1,,,,,,,,,,,,
Restraints,Upload,,_,,,,,,,,,,,,,All rivals Brawling with this model add Unwieldy to all of their actions.,Brawling; Unwieldy,2,2,1,,,,,,,,,,,,,,,,2,2,1,,,,,,,,,,,,
Ride-A-Long,Upload,,_,,,,,,,,,,,,,"When you activate this model, it may discard this card to select up to two visible friendly Gonks and place them within reach.",Gonks; reach,,,,,,,,,,,,,,,,,,,–,2,1,,,,,,,,,,,,
Ripper Doc Kit,Upload,,_,Medical,,,,x,x,x,,,,,,Heal 1,Heal,–,–,–,,,,,,,,,,2,10,1,,,,,,,2,10,1,,,,,,,,,
Rocket Launcher,Upload,_,_,Ranged,,,,,,x,x,,,,,Bulky. Blast,Bulky; Blast,–,–,–,,,,6,10,1,5,10,1,,,,,,,,,,,,,,,,6,20,1,,,
Rocket Skates,Upload,,_,,,,,,,,,,,,,"When this model activates, it may move GREEN for free. This model's basic move actions gain Dangerous.",GREEN; Dangerous,–,–,–,,,,3,5,1,,,,,,,5,5,1,,,,,,,,,,,,,,,
Rostivic Rocket Launcher,Custom,_,,Ranged,,,,,x,x,,,,,,Blast.,,–,–,–,,,,,,,,,,,,,,,,,,,,,,,,,,,,,,
Rostovi_ Kleaver,Upload,_,,Melee,,,,x,,,,,,,,"Bulky. [Deadly Crits] Roll an additional die. If it Crits, this attack Fumbles, exhaust this gear.",Bulky; Deadly Crits; Fumbles; exhaust,3,6,1,,,,,,,,,,,,,,,,,,,,,,,,,,,,,,
Salvaged Armor,Upload,,_,,,2,,,,,,,,,,"Bulky, Armor",Bulky; Armor,,,,,,,,,,,,,,,,3,7,1,,,,,,,,,,2,7,1,,,
Salvaged Machine Gun,Upload,_,,Ranged,,,,,,x,x,,,,,"Rapid 3, Difficult. This action may not be taken if this model moved during this activation.",Rapid 3; Difficult,,,,,,,,,,,,,,,,6,5,1,,,,,,,,,,5,2,1,,,
Salvaged Mortar,Upload,_,,Ranged,,,,,,x,x,,,,,"Bulky. Blast, Indirect, Dangerous, Difficult.",Bulky; Blast; Indirect; Dangerous; Difficult,–,15,–,,,,,,,,,,,,,5,10,1,,,,,,,6,12,1,3,10,1,,,
Sandevistan,Upload,,_,,,,,,,,,,,,,Cybergear. Put two YELLOW Action tokens on this gear. These tokens may only be used to make [RE]actions. These tokens don't refresh when you Inspire Your Team.,Cybergear,6,10,1,,,,,,,,,,,,,,,,,,,,,,,,,,,,,,
Sawnoff Shotgun,Custom,_,,Ranged,,,,x,,,,,,,,Torrent.,,–,–,–,,,,,,,,,,,,,,,,,,,,,,,,,,,,,,
Scavenged Parts,Upload,,_,,,,,,,,,,,,,Discard this during setup to draw 3 Loot cards. These may be given to any character. These cards don't count towards scenario or objective goals.,,,,,,,,,,,,,,,,,–,6,1,,,,,,,,,,,,,,,
Scratch-Built Custom Face-Welder,Upload,_,,Melee,,,,x,,,,,,,,Iconic: Industrial Tech Supervisor. [Deadly Crits] This attack is Deadly against Cyber-characters.,Iconic; Industrial Tech Supervisor; Deadly Crits,,,,,,,,,,,,,2,4,1,,,,,,,,,,,,,,,,,,
Secsystems Protection Field,Upload,,_,,,,,,,,,,,,,Melee actions against this model gain Dangerous.,Dangerous,5,8,1,,,,,,,,,,,,,,,,,,,,,,,,,,,,,,
Secured Comms,Upload,,_,,,,,x,x,x,,,,,,Target friendly model takes a Free action.,Free action,1,2,2,,,,,,,,,,,,,,,,,,,,,,,,,,,,,,
Sewer-Savvy,Custom,_,,Melee,,,,x,,,,,,,,Torrent.,,–,–,–,,,,,,,,,,,,,,,,,,,,,,,,,,,,,,
Sheisty Of The Faceless,Upload,,_,,,,,,,,,,,,,"Iconic: Street King
Other visible friendly models gain Defense: Influence +2. If this model is taken out, it rolls only one RED die when resolving its Major Injuries.",Iconic; Street King,,,,,,,,,,,,,,,,,,,,,,,,,,,,2,2,1,,,
Shotgun,Upload,_,,Ranged,,,,x,,,,,,,,,Torrent; Deadly Crits,–,5,2,–,4,1,–,5,1,1,5,1,–,5,1,3,5,1,1,5,2,1,5,1,,,,–,5,2,,,
Shoulder-Mounted Rocket,Upload,_,,Tech,,,,x,x,x,,,,,,,Cybergear; Blast; Discard,,,,,,,,,,,,,2,3,1,,,,,,,3,3,1,,,,,,,,,
Shrieker,Upload,,_,Tech,,,,x,x,x,x,,,,,Replace target rival's GREEN Action Token with a YELLOW one.,,,,,,,,,,,5,10,1,,,,,,,,,,,,,,,,5,10,1,,,
Silenced SMG,Custom,_,,Ranged,,,,x,x,,,,,,,"Rapid 2, Silent.",,–,–,–,,,,,,,,,,,,,,,,,,,,,,,,,,,,,,
Silencer,Upload,,_,,,,,,,,,,,,,This model's Basic Ranged Attacks and Pistols gain Silent.,,,,,,,,,,,1,2,1,,,,,,,,,,,,,2,2,1,2,2,1,,,
Single-Shot Rpg,Upload,_,,Ranged,,,,x,x,x,x,,,,,,Bulky; Blast; Discard,,,,,,,,,,2,5,1,,,,,,,,,,,,,,,,2,5,1,,,
Skimmed Profits,Upload,,_,,,,,,,,,,,,,Discard this during setup to draw 2 Loot cards. These may be given to any character. These cards don't count towards scenario or objective goals.,,,,,,,,,,,,,,,,,,,,,,,,,,1,4,1,,,,,,
Slamdance Tasmanskiy Klo,Upload,_,,Melee,,,,x,,,,,,,,"When this attack takes out a rival, all visible friendly GREEN suffer Stun 1.",Deadly Crits; Pierce 2,6,8,1,,,,,,,,,,,,,,,,,,,,,,,,,,,,,,
Sledgehammer,Upload,_,,Melee,,,,,,,,,,,,,Deadly; Stun 1; Difficult,–,2,–,,,,,,,,,,,,,,,,,,,–,2,2,,,,–,2,1,,,
Smartlink,Upload,,_,Tech,1,,,x,,,,,,,,Cybergear. This model's basic Ranged attack may target rivals at RED range.,,1,4,2,,,,,,,,,,,,,,,,,,,,,,,,,,,,,,
Smash,Upload,,_,,,,,,,,,,,,,"Drug. When you Inspire Your Team, roll a RED die. On a 1: This model suffers 1 wound. On a 2+: Make a Basic Melee Attack for free.",,,,,,,,,,,,,,,,,,,,,,,4,5,1,,,,4,5,1,,,
SMG,Upload,_,,Ranged,,,,x,x,x,,,,,,,Suppression,–,7,2,–,6,1,1,7,1,–,7,1,1,7,1,4,7,1,–,7,1,–,7,1,1,7,1,1,7,2,,,
Smoke Grenade,Upload,_,,Reflexes,,,,x,x,x,,,,,,"Grenade. Blast, Discard. Place one Smoke Impact token in base contact with each rival model in a 3"" Blast. These tokens count as terrain. Remove all those tokens the next time you Inspire Your Team.",,,,,,,,,,,–,1,2,,,,,,,,,,,,,3,2,2,3,2,1,,,
Sniper Rifle,Upload,_,,Ranged,,,,,,,x,,,,,,Bulky; Deadly Crits,3,8,1,–,7,1,,,,1,8,1,3,8,1,,,,3,10,1,3,8,1,3,8,1,3,10,1,,,
Spiked Baseball Bat,Custom,_,,Melee,,,,x,,,,,,,,Deadly Crits. [RE]actions made using this attack gain Accurate.,,–,–,–,,,,,,,,,,,,,,,,,,,,,,,,,,,,,,
Spikey Leathers,Upload,,_,,,,,,,,,,,,,"When a rival Brawling with this model Fumbles an action, they suffer a wound.",,,,,,,,,,,,,,,,,,,,,,,–,1,2,,,,,,,,,
Spinning Bowtie Deflector,Upload,,_,,,2,,,,,,,,,,"If an attack causes this Armor to be discarded, this model may [RE]Act to the attack as if it had been wounded",Armor,,,,,,,2,7,1,,,,,,,,,,,,,,,,,,,,,,,,
Sprayskin Reservoir,Upload,,_,Medical,1,,,,,,,,,,,"When this model heals a wound, you may Exhaust this to increase the Heal by +1.",Cybergear,3,9,1,,,,,,,,,,,,,,,,,,,,,,,,,,,,,,
Steroid Pack,Upload,,_,M,,,,x,,,,,,,,Target friendly model may make a YELLOW move for free and then make a Basic Melee Attack with +1 to the roll for free.,Drug,1,5,1,,,,,,,,,,,,,,,,,,,1,5,1,,,,,,,,,
Stims,Upload,,_,,,,,,,,,,,,,"When you Inspire Your Team, roll a RED die. Fumble: This model takes 1 wound. 2+: Move RED for free.",Drug,4,5,1,,,,–,5,1,,,,4,5,1,,,,,,,4,5,1,,,,6,5,1,,,
Strobe Sticks,Upload,_,_,,,,,,,,,,,,,This model's basic Melee attacks gain Stun 1 Crits.,,3,6,2,,,,,,,,,,,,,,,,,,,,,,,,,,,,,,
Stun Baton & Riot Shield,Custom,_,,Melee,,,,x,,,,,,,,"Stun 1, Force enemy model to reroll melee dice 1 per activation.",,–,–,–,,,,,,,,,,,,,,,,,,,,,,,,,,,,,,
Stun Gun,Custom,_,,Ranged,,,,x,x,,,,,,,Stun 2.,,–,–,–,,,,,,,,,,,,,,,,,,,,,,,,,,,,,,
Subdermal Armor,Upload,,_,,,,,,,,,,,,,"Increase the Armor value of this model by +1 (max +4) If the model has no Armor value on its card, it gains Armor 1.",Cybergear,3,5,1,,,,,,,,,,,,,,,,,,,,,,,,,,,,,,
Synthcoke,Upload,,_,,,,,,,,,,,,,"When this model suffers a wound, discard this card. For the rest of the game, this model gains +1 to rolls made to Heal wounds.",Drug,3,4,2,,,,,,,,,,,,,,,,,,,,,,,,,,,,,,
Tactical Analysis Matrix,Upload,,_,,,,,,,,,,,,,"Cybergear. The first time you activate a model with this card, this model may move RED for free.",Cybergear,2,1,1,,,,,,,,,,,,,,,,2,1,1,,,,,,,,,,,,
Tactical Rifle,Custom,_,,Ranged,,,,,x,x,x,,,,,"Accurate, Deadly Crits.",,–,–,–,,,,,,,,,,,,,,,,,,,,,,,,,,,,,,
Tactical Shield,Custom,,_,,,,,,,,,,,,,May not carry any bulky gear. +3 to Armor.,,–,–,–,,,,,,,,,,,,,,,,,,,,,,,,,,,,,,
Tanto,Upload,,_,,,,,,,,,,,,,This model's melee attacks gain Accurate.,Accurate,–,5,–,,,,,,,,,,,,,,,,,,,,,,1,5,1,,,,,,
Technotrica Microwaver,Custom,_,,Tech,,,,x,x,x,,,,,,"Torrent, Stun 1, Silent.",,–,8,–,,,,,,,,,,,,,,,,,,,,,,,,,,,,,,
Techtronica Microwaver,Upload,_,,Ranged,,,,x,x,x,,,,,,"Torrent, Stun 1, Silent",Torrent; Stun 1; Silent,,,,5,7,1,,,,4,8,1,,,,,,,,,,,,,5,10,1,5,8,1,,,
The Dirk Combat Jacket,Upload,,_,,,1,,,,,,,,,,"Armor. When you fumble a Dangerous action, roll CRIT. If the die Crits, you do not take damage from the Dangerous action.",Armor,2,3,1,,,,,,,,,,,,,,,,,,,,,,,,,,,,,,
The Doctor Gag,Upload,_,,Medical,,,,x,,,,,,,,"Bulky. Deadly Crits: If this attack is successful, this model may suffer a wound to make the target suffer an additional wound. If this attack fumbles, gain a Luck token.",Bulky; Deadly Crits,,,,,,,6,8,1,,,,,,,,,,,,,,,,,,,,,,,,
The Joke Reverser,Upload,,_,,,,,,,,,,,,,"After an Impact token is placed within YELLOW of this model, this model may discard a Luck token to move the Impact token, as long as the original target is still hit by the Blast.",,,,,,,,5,5,1,,,,,,,,,,,,,,,,,,,,,,,,
The Last Laugh,Upload,,_,,,,,,,,,,,,,"When this model is taken out, before removing it, place an Impact token in base contact with it (this model is the original target). All models within RED must win a Reflexes roll vs. the Obstacle die or suffer a wound. The Obstacle die gains a bonus equal to this model's Tech Skill.",,,,,,,,5,1,2,,,,,,,,,,,,,,,,,,,,,,,,
The Strontium Saddle,Upload,,_,,,,,,,,,,,,,"When this model suffers a wound on a GREEN Action Token, the token is replaced with a YELLOW token instead of a RED token.",,–,99,1,,,,,,,,,,,,,,,,,,,,,,,,,,,,,,
Title Belt,Upload,,_,Influence,2,,,,,,,,,,,+2 [skull icon] Melee attacks against Daemons and models gain Dangerous.,Dangerous,6,10,1,,,,,,,,,,,,,,,,,,,,,,,,,,,,,,
Tonfas,Custom,_,,Melee,,,,x,,,,,,,,"+1 to Melee when defending, -1 to Melee when attacking.",,–,–,–,,,,,,,,,,,,,,,,,,,,,,,,,,,,,,
Tool Hand,Upload,,_,,,,,,,,,,,,,Cybergear. This model's non-Program Tech actions gain Accurate.,Cybergear; Accurate,3,3,1,,,,,,,,,,,,,,,,,,,,,,,,,,,,,,
Tool Kit,Upload,,_,,,,,,,,,,,,,"When this model discards a Loot card, it may roll a RED die. If it rolls a 5+ the Loot is not discarded.",,–,–,–,,,,,,,,,,,,,–,1,2,,,,,,,,,,,,,,,
Tsunami Arms Helix,Upload,_,,Ranged,,,,x,x,x,,,,,,"Bulky. Torrent, Deadly Crits, Suppression, Difficult",Bulky; Torrent; Deadly Crits; Suppression; Difficult,5,14,1,,,,,,,2,15,1,,,,,,,,,,,,,5,12,1,,,,,,
Vat-Grown Muscle,Upload,,_,,,,,,,,,,,,,Cybergear. This model automatically succeeds on all Melee rolls made against the Obstacle die.,Cybergear,2,2,1,,,,,,,,,,,,,,,,,,,,,,,,,,,,,,
Viper Smg,Upload,_,,Ranged,,,,x,x,x,,,,,,"Rapid 2, Silent",Rapid 2; Silent,,,,,,,,,,,,,5,10,1,,,,,,,,,,,,,,,,,,
Virus-Infested Cyberware,Upload,,_,,,,,,,,,,,,,"All of this model's actions which require a roll gain Dangerous. If this model wounds or is wounded by a Rival character while Brawling, this model discards this Gear and the rival must equip it. This may happen multiple times per game.",Cybergear; Dangerous; Brawling,,,,,,,,,,,,,,,,,,,,,,2,–,1,,,,,,,,,
Warrant,Upload,,_,,,,,,,,,,,,,"After setup and before the first activation, declare one rival character: This model's attacks targeting that character gain Accurate.",Accurate,,,,,,,,,,,,,,,,,,,–,2,1,,,,,,,,,,,,
White Hornet Tanto,Upload,,_,,,,,,,,,,,,,This model's melee attacks gain Stun 1 Crits.,Melee; Stun 1 Crits,3,6,1,,,,,,,,,,,,,,,,,,,,,,,,,,,,,,
Wholloper,Upload,_,,Melee,,,,,,,,,,,,Stun 1,Stun 1,–,–,–,,,,–,1,2,,,,,,,,,,,,,,,,,,,,,,,,
Whoopee Cushion,Upload,,_,,,,,,,,,,,,,"Before a rival within RED rolls a die, you may spend a Luck token to force them to roll a RED die instead of the color they would have used.",Luck token,,,,,,,2,2,1,,,,,,,,,,,,,,,,,,,,,,,,
"""widowmaker""",Upload,_,,Ranged,,,,,,,,,,,,"Pistol (Deadly Crits, Pierce 3)",Pistol; Deadly Crits; Pierce 3,6,6,1,,,,,,,,,,,,,,,,,,,,,,,,,,,,,,
Wind-Up Bombs,Upload,_,,Tech,,,,x,x,x,,,,,,"Blast, Stun 1",Blast; Stun 1,,,,,,,2,6,2,,,,,,,,,,,,,,,,,,,,,,,,
Wolver,Custom,_,,Melee,,,,x,,,,,,,,Deadly Crits. [RE]actions made using this attack gain Accurate.,,–,–,–,,,,,,,,,,,,,,,,,,,,,,,,,,,,,,